feature,importance,std
sma_10,0.0587890625,0.0018425744398548054
macd_hist,0.01953125,0.0033829117335329633
taker_buy_quote,0.0134765625,0.004576318169476555
keltner_middle,0.012890625,0.004207160005573832
sma_100,0.0123046875,0.0034993111068689297
sma_200,0.012109375,0.0035801372616842504
macd,0.009765625,0.0023109686652732875
sma_5,0.00625,0.002870495792324037
ultimate_oscillator,0.0041015625,0.003081979265245996
donchian_middle,0.0037109375,0.0013671875000000001
donchian_upper,0.0021484375,0.003949950862530603
bollinger_upper,0.0021484375,0.004229767153849163
mfi,0.0013671875,0.0038123479093638934
ignore,0.0,0.0
taker_buy_base,0.0,0.002620392161132566
close_time,0.0,0.0
williams_r,-0.0001953125,0.0016223874732261866
keltner_upper,-0.0005859375,0.0024782378008690467
stoch_k,-0.00078125,0.003405389799641151
rsi,-0.0021484375,0.002039122365021592
sma_20,-0.00234375,0.004925593833171286
ema_5,-0.004296875,0.004847528767965178
trades,-0.004296875,0.0036851488797096108
atr,-0.0048828125,0.0027964494264211626
stoch_d,-0.005078125,0.0053274147253851
price_roc,-0.006640625,0.003173452501810922
keltner_lower,-0.0076171875,0.003081979265245996
bollinger_lower,-0.0111328125,0.002769032593507388
macd_signal,-0.012109375,0.0024394523431243743
quote_volume,-0.01328125,0.0017026948998205755
natr,-0.016015625,0.002591113117465156
bollinger_width,-0.019140625,0.0019136638615493578
ema_10,-0.025,0.002870495792324037
donchian_lower,-0.036328125,0.0017900686308421248
sma_50,-0.0515625,0.004021730523823047
bollinger_middle,-0.0578125,0.004719939833435379
