feature,importance,std
sma_100,0.0484375,0.0034719509442639016
bollinger_width,0.038671875,0.003360283307438526
atr,0.0384765625,0.002769032593507388
natr,0.0380859375,0.0029296875
taker_buy_base,0.027734375,0.0038866696761977342
trades,0.025390625,0.0034938562148434213
sma_200,0.0220703125,0.0027690325935073876
mfi,0.0203125,0.003405389799641151
macd,0.0123046875,0.003032065370363286
sma_20,0.0095703125,0.003542647880315831
sma_10,0.0091796875,0.0031553700041803733
rsi,0.0083984375,0.002319207438874593
taker_buy_quote,0.0037109375,0.0018425744398548054
williams_r,0.0025390625,0.0017578125
stoch_d,0.0009765625,0.003297254495338698
close_time,0.0,0.0
ignore,0.0,0.0
sma_5,-0.003125,0.002649347649658308
keltner_upper,-0.003125,0.003405389799641151
quote_volume,-0.003515625,0.004078244730043184
macd_hist,-0.0080078125,0.003542647880315831
sma_50,-0.0103515625,0.0038123479093638934
macd_signal,-0.0109375,0.003291464755147015
ultimate_oscillator,-0.015625,0.00427908248050911
stoch_k,-0.0171875,0.0017026948998205757
donchian_lower,-0.0185546875,0.0020013575714764842
keltner_middle,-0.0205078125,0.0030571241879879937
bollinger_middle,-0.0208984375,0.003606676818870974
bollinger_lower,-0.02890625,0.003000447557761175
ema_5,-0.0306640625,0.0024782378008690467
keltner_lower,-0.032421875,0.0019918044974971813
ema_10,-0.0390625,0.0037057941330098194
price_roc,-0.0416015625,0.003274034104343791
donchian_upper,-0.04296875,0.004188986443267035
bollinger_upper,-0.0431640625,0.0034332804357904193
donchian_middle,-0.0525390625,0.0026851029462631876
